SampleID	BarcodeSequence	LinkerPrimerSequence	mouse_PID	PID	subject	abx_treatment	diet	supplement	combined	cohort	group	day_post_abx	day_post_infection	weight	collection_timestamp	extraction_Date	extraction_Location	extraction_By	Description
AM.S3.CH.1.0108	TACCGAAGGTAT	GGACTACHVGGGTWTCTAAT	Chow.1	1	1c	5Abx	chow	None	Chow	january	chow-7	-7	-15	NA	1/8/18	2/8/18	Lozupone	NMH	AM.S3.CH.1.0108
AM.S3.CH.2.0108	TTGGCTCTATTC	GGACTACHVGGGTWTCTAAT	Chow.2	2	2c	5Abx	chow	None	Chow	january	chow-7	-7	-15	NA	1/8/18	2/8/18	Lozupone	NMH	AM.S3.CH.2.0108
AM.S3.CH.3.0108	ATCTACCGAAGC	GGACTACHVGGGTWTCTAAT	Chow.3	3	3c	5Abx	chow	None	Chow	january	chow-7	-7	-15	NA	1/8/18	2/8/18	Lozupone	NMH	AM.S3.CH.3.0108
AM.S3.CH.4.0108	TCTCTACCACTC	GGACTACHVGGGTWTCTAAT	Chow.4	4	4c	5Abx	chow	None	Chow	january	chow-7	-7	-15	NA	1/8/18	2/8/18	Lozupone	NMH	AM.S3.CH.4.0108
AM.S3.CH.5.0108	TCATGCTCCATT	GGACTACHVGGGTWTCTAAT	Chow.5	5	5c	5Abx	chow	None	Chow	january	chow-7	-7	-15	NA	1/8/18	2/8/18	Lozupone	NMH	AM.S3.CH.5.0108
AM.S3.CH.1.0117	ATGTGTGTAGAC	GGACTACHVGGGTWTCTAAT	Chow.1	1	1c	5Abx	chow	None	Chow	january	chow0	0	-8	NA	1/17/18	2/8/18	Lozupone	NMH	AM.S3.CH.1.0117
AM.S3.CH.2.0117	GTTAAGCTGACC	GGACTACHVGGGTWTCTAAT	Chow.2	2	2c	5Abx	chow	None	Chow	january	chow0	0	-8	NA	1/17/18	2/8/18	Lozupone	NMH	AM.S3.CH.2.0117
AM.S3.CH.3.0117	TATCTATCCTGC	GGACTACHVGGGTWTCTAAT	Chow.3	3	3c	5Abx	chow	None	Chow	january	chow0	0	-8	NA	1/17/18	2/8/18	Lozupone	NMH	AM.S3.CH.3.0117
AM.S3.CH.4.0117	ACTCCTTGTGTT	GGACTACHVGGGTWTCTAAT	Chow.4	4	4c	5Abx	chow	None	Chow	january	chow0	0	-8	NA	1/17/18	2/15/18	Lozupone	NMH	AM.S3.CH.4.0117
AM.S3.CH.5.0117	GTCACGGACATT	GGACTACHVGGGTWTCTAAT	Chow.5	5	5c	5Abx	chow	None	Chow	january	chow0	0	-8	NA	1/17/18	2/15/18	Lozupone	NMH	AM.S3.CH.5.0117
AM.S3.CH.1.0122	TATACCGCTGCG	GGACTACHVGGGTWTCTAAT	Chow.1	1	1c	5Abx	chow	None	Chow	january	chow5	5	-3	NA	1/22/18	2/15/18	Lozupone	NMH	AM.S3.CH.1.0122
AM.S3.CH.2.0122	TCGACATCTCTT	GGACTACHVGGGTWTCTAAT	Chow.2	2	2c	5Abx	chow	None	Chow	january	chow5	5	-3	NA	1/22/18	2/15/18	Lozupone	NMH	AM.S3.CH.2.0122
AM.S3.CH.3.0122	GCCTAGCCCAAT	GGACTACHVGGGTWTCTAAT	Chow.3	3	3c	5Abx	chow	None	Chow	january	chow5	5	-3	NA	1/22/18	2/15/18	Lozupone	NMH	AM.S3.CH.3.0122
AM.S3.CH.4.0122	GCATATGCACTG	GGACTACHVGGGTWTCTAAT	Chow.4	4	4c	5Abx	chow	None	Chow	january	chow5	5	-3	NA	1/22/18	2/15/18	Lozupone	NMH	AM.S3.CH.4.0122
AM.S3.CH.5.0122	TGTGAATTCGGA	GGACTACHVGGGTWTCTAAT	Chow.5	5	5c	5Abx	chow	None	Chow	january	chow5	5	-3	NA	1/22/18	2/15/18	Lozupone	NMH	AM.S3.CH.5.0122
AM.S3.CH.1.0123	CATTCGTGGCGT	GGACTACHVGGGTWTCTAAT	Chow.1	1	1c	5Abx	chow	None	Chow	january	chow6	6	-2	NA	1/23/18	2/16/18	Lozupone	NMH	AM.S3.CH.1.0123
AM.S3.CH.2.0123	TACTACGTGGCC	GGACTACHVGGGTWTCTAAT	Chow.2	2	2c	5Abx	chow	None	Chow	january	chow6	6	-2	NA	1/23/18	2/16/18	Lozupone	NMH	AM.S3.CH.2.0123
AM.S3.CH.3.0123	AATTGTGTCGGA	GGACTACHVGGGTWTCTAAT	Chow.3	3	3c	5Abx	chow	None	Chow	january	chow6	6	-2	NA	1/23/18	2/16/18	Lozupone	NMH	AM.S3.CH.3.0123
AM.S3.CH.4.0123	ATCGCACAGTAA	GGACTACHVGGGTWTCTAAT	Chow.4	4	4c	5Abx	chow	None	Chow	january	chow6	6	-2	NA	1/23/18	2/16/18	Lozupone	NMH	AM.S3.CH.4.0123
AM.S3.CH.5.0123	ACCAGTGACTCA	GGACTACHVGGGTWTCTAAT	Chow.5	5	5c	5Abx	chow	None	Chow	january	chow6	6	-2	NA	1/23/18	2/16/18	Lozupone	NMH	AM.S3.CH.5.0123
AM.S3.CH.1.0124	TCCCTTGTCTCC	GGACTACHVGGGTWTCTAAT	Chow.1	1	1c	5Abx	chow	None	Chow	january	chow7	7	-1	NA	1/24/18	2/20/18	Lozupone	NMH	AM.S3.CH.1.0124
AM.S3.CH.2.0124	TAATACGGATCG	GGACTACHVGGGTWTCTAAT	Chow.2	2	2c	5Abx	chow	None	Chow	january	chow7	7	-1	NA	1/24/18	2/20/18	Lozupone	NMH	AM.S3.CH.2.0124
AM.S3.CH.3.0124	CAAACAACAGCT	GGACTACHVGGGTWTCTAAT	Chow.3	3	3c	5Abx	chow	None	Chow	january	chow7	7	-1	NA	1/24/18	2/20/18	Lozupone	NMH	AM.S3.CH.3.0124
AM.S3.CH.4.0124	ACCGGTATGTAC	GGACTACHVGGGTWTCTAAT	Chow.4	4	4c	5Abx	chow	None	Chow	january	chow7	7	-1	NA	1/24/18	2/20/18	Lozupone	NMH	AM.S3.CH.4.0124
AM.S3.CH.5.0124	GTCGTGTAGCCT	GGACTACHVGGGTWTCTAAT	Chow.5	5	5c	5Abx	chow	None	Chow	january	chow7	7	-1	NA	1/24/18	2/20/18	Lozupone	NMH	AM.S3.CH.5.0124
AM.S3.CH.1.0125	ATGCCATGCCGT	GGACTACHVGGGTWTCTAAT	Chow.1	1	1c	5Abx	chow	None	Chow	january	chow8	8	0	NA	1/25/18	2/22/18	Lozupone	NMH	AM.S3.CH.1.0125
AM.S3.CH.2.0125	GCATAGCATCAA	GGACTACHVGGGTWTCTAAT	Chow.2	2	2c	5Abx	chow	None	Chow	january	chow8	8	0	NA	1/25/18	2/22/18	Lozupone	NMH	AM.S3.CH.2.0125
AM.S3.CH.3.0125	GAGAGCAACAGA	GGACTACHVGGGTWTCTAAT	Chow.3	3	3c	5Abx	chow	None	Chow	january	chow8	8	0	NA	1/25/18	2/22/18	Lozupone	NMH	AM.S3.CH.3.0125
AM.S3.CH.4.0125	GGTTATTTGGCG	GGACTACHVGGGTWTCTAAT	Chow.4	4	4c	5Abx	chow	None	Chow	january	chow8	8	0	NA	1/25/18	2/22/18	Lozupone	NMH	AM.S3.CH.4.0125
AM.S3.CH.5.0125	GCCAACAACCAT	GGACTACHVGGGTWTCTAAT	Chow.5	5	5c	5Abx	chow	None	Chow	january	chow8	8	0	NA	1/25/18	2/22/18	Lozupone	NMH	AM.S3.CH.5.0125
AM.S3.CH.1.0126	ACGAGACTGATT	GGACTACHVGGGTWTCTAAT	Chow.1	1	1c	5Abx	chow	None	Chow	january	chow9	9	1	NA	1/26/18	2/26/18	Lozupone	NMH	AM.S3.CH.1.0126
AM.S3.CH.2.0126	ATCAGTACTAGG	GGACTACHVGGGTWTCTAAT	Chow.2	2	2c	5Abx	chow	None	Chow	january	chow9	9	1	NA	1/26/18	2/26/18	Lozupone	NMH	AM.S3.CH.2.0126
AM.S3.CH.3.0126	TCGGAATTAGAC	GGACTACHVGGGTWTCTAAT	Chow.3	3	3c	5Abx	chow	None	Chow	january	chow9	9	1	NA	1/26/18	2/26/18	Lozupone	NMH	AM.S3.CH.3.0126
AM.S3.CH.4.0126	ATGGGTTCCGTC	GGACTACHVGGGTWTCTAAT	Chow.4	4	4c	5Abx	chow	None	Chow	january	chow9	9	1	NA	1/26/18	2/26/18	Lozupone	NMH	AM.S3.CH.4.0126
AM.S3.CH.5.0126	TATCGACACAAG	GGACTACHVGGGTWTCTAAT	Chow.5	5	5c	5Abx	chow	None	Chow	january	chow9	9	1	NA	1/26/18	2/26/18	Lozupone	NMH	AM.S3.CH.5.0126
AM.S3.CH.1.0127	CATCCCTCTACT	GGACTACHVGGGTWTCTAAT	Chow.1	1	1c	5Abx	chow	None	Chow	january	chow10	10	2	NA	1/27/18	2/26/18	Lozupone	NMH	AM.S3.CH.1.0127
AM.S3.CH.2.0127	CACTACGCTAGA	GGACTACHVGGGTWTCTAAT	Chow.2	2	2c	5Abx	chow	None	Chow	january	chow10	10	2	NA	1/27/18	2/26/18	Lozupone	NMH	AM.S3.CH.2.0127
AM.S3.CH.3.0127	GTAGAGGTAGAG	GGACTACHVGGGTWTCTAAT	Chow.3	3	3c	5Abx	chow	None	Chow	january	chow10	10	2	NA	1/27/18	2/26/18	Lozupone	NMH	AM.S3.CH.3.0127
AM.S3.CH.4.0127	TAACGTGTGTGC	GGACTACHVGGGTWTCTAAT	Chow.4	4	4c	5Abx	chow	None	Chow	january	chow10	10	2	NA	1/27/18	2/26/18	Lozupone	NMH	AM.S3.CH.4.0127
AM.S3.CH.5.0127	AGCTGTCAAGCT	GGACTACHVGGGTWTCTAAT	Chow.5	5	5c	5Abx	chow	None	Chow	january	chow10	10	2	NA	1/27/18	2/26/18	Lozupone	NMH	AM.S3.CH.5.0127
AM.S3.HFD.1.0108	GCGAGCGAAGTA	GGACTACHVGGGTWTCTAAT	HFD.1	6	6wd	5Abx	WD	None	HFD	january	WD-7	-7	-15	NA	1/8/18	2/6/18	Lozupone	NMH	AM.S3.HFD.1.0108
AM.S3.HFD.2.0108	CTGCTATTCCTC	GGACTACHVGGGTWTCTAAT	HFD.2	7	7wd	5Abx	WD	None	HFD	january	WD-7	-7	-15	NA	1/8/18	2/6/18	Lozupone	NMH	AM.S3.HFD.2.0108
AM.S3.HFD.3.0108	CGAGCAATCCTA	GGACTACHVGGGTWTCTAAT	HFD.3	8	8wd	5Abx	WD	None	HFD	january	WD-7	-7	-15	NA	1/8/18	2/6/18	Lozupone	NMH	AM.S3.HFD.3.0108
AM.S3.HFD.4.0108	GGCCAGTTCCTA	GGACTACHVGGGTWTCTAAT	HFD.4	9	9wd	5Abx	WD	None	HFD	january	WD-7	-7	-15	NA	1/8/18	2/6/18	Lozupone	NMH	AM.S3.HFD.4.0108
AM.S3.HFD.5.0108	AGCATGTCCCGT	GGACTACHVGGGTWTCTAAT	HFD.5	10	10wd	5Abx	WD	None	HFD	january	WD-7	-7	-15	NA	1/8/18	2/6/18	Lozupone	NMH	AM.S3.HFD.5.0108
AM.S3.HFD.1.0117	CACTCATCATTC	GGACTACHVGGGTWTCTAAT	HFD.1	6	6wd	5Abx	WD	None	HFD	january	WD0	0	-8	NA	1/17/18	2/6/18	Lozupone	NMH	AM.S3.HFD.1.0117
AM.S3.HFD.2.0117	ACGACTGCATAA	GGACTACHVGGGTWTCTAAT	HFD.2	7	7wd	5Abx	WD	None	HFD	january	WD0	0	-8	NA	1/17/18	2/6/18	Lozupone	NMH	AM.S3.HFD.2.0117
AM.S3.HFD.3.0117	GTTGTTCTGGGA	GGACTACHVGGGTWTCTAAT	HFD.3	8	8wd	5Abx	WD	None	HFD	january	WD0	0	-8	NA	1/17/18	2/6/18	Lozupone	NMH	AM.S3.HFD.3.0117
AM.S3.HFD.4.0117	GTATTTCGGACG	GGACTACHVGGGTWTCTAAT	HFD.4	9	9wd	5Abx	WD	None	HFD	january	WD0	0	-8	NA	1/17/18	2/6/18	Lozupone	NMH	AM.S3.HFD.4.0117
AM.S3.HFD.5.0117	GCGTTCTAGCTG	GGACTACHVGGGTWTCTAAT	HFD.5	10	10wd	5Abx	WD	None	HFD	january	WD0	0	-8	NA	1/17/18	2/8/18	Lozupone	NMH	AM.S3.HFD.5.0117
AM.S3.HFD.1.0122	TGGCAAATCTAG	GGACTACHVGGGTWTCTAAT	HFD.1	6	6wd	5Abx	WD	None	HFD	january	WD5	5	-3	NA	1/22/18	2/15/18	Lozupone	NMH	AM.S3.HFD.1.0122
AM.S3.HFD.2.0122	CACCTTACCTTA	GGACTACHVGGGTWTCTAAT	HFD.2	7	7wd	5Abx	WD	None	HFD	january	WD5	5	-3	NA	1/22/18	2/15/18	Lozupone	NMH	AM.S3.HFD.2.0122
AM.S3.HFD.3.0122	TTAAGACAGTCG	GGACTACHVGGGTWTCTAAT	HFD.3	8	8wd	5Abx	WD	None	HFD	january	WD5	5	-3	NA	1/22/18	2/16/18	Lozupone	NMH	AM.S3.HFD.3.0122
AM.S3.HFD.4.0122	TGGGTCCCACAT	GGACTACHVGGGTWTCTAAT	HFD.4	9	9wd	5Abx	WD	None	HFD	january	WD5	5	-3	NA	1/22/18	2/16/18	Lozupone	NMH	AM.S3.HFD.4.0122
AM.S3.HFD.5.0122	TGCCGTATGCCA	GGACTACHVGGGTWTCTAAT	HFD.5	10	10wd	5Abx	WD	None	HFD	january	WD5	5	-3	NA	1/22/18	2/16/18	Lozupone	NMH	AM.S3.HFD.5.0122
AM.S3.HFD.1.0123	CGTGACAATAGT	GGACTACHVGGGTWTCTAAT	HFD.1	6	6wd	5Abx	WD	None	HFD	january	WD6	6	-2	NA	1/23/18	2/16/18	Lozupone	NMH	AM.S3.HFD.1.0123
AM.S3.HFD.2.0123	TCTGCACTGAGC	GGACTACHVGGGTWTCTAAT	HFD.2	7	7wd	5Abx	WD	None	HFD	january	WD6	6	-2	NA	1/23/18	2/16/18	Lozupone	NMH	AM.S3.HFD.2.0123
AM.S3.HFD.3.0123	TACTCGGGAACT	GGACTACHVGGGTWTCTAAT	HFD.3	8	8wd	5Abx	WD	None	HFD	january	WD6	6	-2	NA	1/23/18	2/20/18	Lozupone	NMH	AM.S3.HFD.3.0123
AM.S3.HFD.4.0123	AACGTAGGCTCT	GGACTACHVGGGTWTCTAAT	HFD.4	9	9wd	5Abx	WD	None	HFD	january	WD6	6	-2	NA	1/23/18	2/20/18	Lozupone	NMH	AM.S3.HFD.4.0123
AM.S3.HFD.5.0123	TTAACCTTCCTG	GGACTACHVGGGTWTCTAAT	HFD.5	10	10wd	5Abx	WD	None	HFD	january	WD6	6	-2	NA	1/23/18	2/20/18	Lozupone	NMH	AM.S3.HFD.5.0123
AM.S3.HFD.1.0124	GTCGACAGAGGA	GGACTACHVGGGTWTCTAAT	HFD.1	6	6wd	5Abx	WD	None	HFD	january	WD7	7	-1	NA	1/24/18	2/20/18	Lozupone	NMH	AM.S3.HFD.1.0124
AM.S3.HFD.2.0124	AACTAGTTCAGG	GGACTACHVGGGTWTCTAAT	HFD.2	7	7wd	5Abx	WD	None	HFD	january	WD7	7	-1	NA	1/24/18	2/22/18	Lozupone	NMH	AM.S3.HFD.2.0124
AM.S3.HFD.3.0124	GCTGTACGGATT	GGACTACHVGGGTWTCTAAT	HFD.3	8	8wd	5Abx	WD	None	HFD	january	WD7	7	-1	NA	1/24/18	2/22/18	Lozupone	NMH	AM.S3.HFD.3.0124
AM.S3.HFD.4.0124	GATTCCGGCTCA	GGACTACHVGGGTWTCTAAT	HFD.4	9	9wd	5Abx	WD	None	HFD	january	WD7	7	-1	NA	1/24/18	2/22/18	Lozupone	NMH	AM.S3.HFD.4.0124
AM.S3.HFD.5.0124	TGCATACACTGG	GGACTACHVGGGTWTCTAAT	HFD.5	10	10wd	5Abx	WD	None	HFD	january	WD7	7	-1	NA	1/24/18	2/22/18	Lozupone	NMH	AM.S3.HFD.5.0124
AM.S3.HFD.1.0125	ACGCGAACTAAT	GGACTACHVGGGTWTCTAAT	HFD.1	6	6wd	5Abx	WD	None	HFD	january	WD8	8	0	NA	1/25/18	2/23/18	Lozupone	NMH	AM.S3.HFD.1.0125
AM.S3.HFD.2.0125	AGCAACATTGCA	GGACTACHVGGGTWTCTAAT	HFD.2	7	7wd	5Abx	WD	None	HFD	january	WD8	8	0	NA	1/25/18	2/23/18	Lozupone	NMH	AM.S3.HFD.2.0125
AM.S3.HFD.3.0125	GCTCTCCGTAGA	GGACTACHVGGGTWTCTAAT	HFD.3	8	8wd	5Abx	WD	None	HFD	january	WD8	8	0	NA	1/25/18	2/23/18	Lozupone	NMH	AM.S3.HFD.3.0125
AM.S3.HFD.4.0125	AGAGTCTTGCCA	GGACTACHVGGGTWTCTAAT	HFD.4	9	9wd	5Abx	WD	None	HFD	january	WD8	8	0	NA	1/25/18	2/23/18	Lozupone	NMH	AM.S3.HFD.4.0125
AM.S3.HFD.5.0125	GTGTTAGATGTG	GGACTACHVGGGTWTCTAAT	HFD.5	10	10wd	5Abx	WD	None	HFD	january	WD8	8	0	NA	1/25/18	2/23/18	Lozupone	NMH	AM.S3.HFD.5.0125
AM.S3.HFD.1.0126	TCGTGCGTGTTG	GGACTACHVGGGTWTCTAAT	HFD.1	6	6wd	5Abx	WD	None	HFD	january	WD9	9	1	NA	1/26/18	2/23/18	Lozupone	NMH	AM.S3.HFD.1.0126
AM.S3.HFD.2.0126	GACATTGTCACG	GGACTACHVGGGTWTCTAAT	HFD.2	7	7wd	5Abx	WD	None	HFD	january	WD9	9	1	NA	1/26/18	2/23/18	Lozupone	NMH	AM.S3.HFD.2.0126
AM.S3.HFD.3.0126	TTCTCTCGACAT	GGACTACHVGGGTWTCTAAT	HFD.3	8	8wd	5Abx	WD	None	HFD	january	WD9	9	1	NA	1/26/18	2/23/18	Lozupone	NMH	AM.S3.HFD.3.0126
AM.S3.HFD.4.0126	TGAACCCTATGG	GGACTACHVGGGTWTCTAAT	HFD.4	9	9wd	5Abx	WD	None	HFD	january	WD9	9	1	NA	1/26/18	2/23/18	Lozupone	NMH	AM.S3.HFD.4.0126
AM.S3.HFD.5.0126	CGATGCTGTTGA	GGACTACHVGGGTWTCTAAT	HFD.5	10	10wd	5Abx	WD	None	HFD	january	WD9	9	1	NA	1/26/18	2/23/18	Lozupone	NMH	AM.S3.HFD.5.0126
AM.S3.HFD.1.0127	ACAACACTCCGA	GGACTACHVGGGTWTCTAAT	HFD.1	6	6wd	5Abx	WD	None	HFD	january	WD10	10	2	NA	1/27/18	2/26/18	Lozupone	NMH	AM.S3.HFD.1.0127
AM.S3.HFD.3.0127	ATTCTGCCGAAG	GGACTACHVGGGTWTCTAAT	HFD.3	8	8wd	5Abx	WD	None	HFD	january	WD10	10	2	NA	1/27/18	2/27/18	Lozupone	NMH	AM.S3.HFD.3.0127
AM.S3.HFD.4.0127	GTAAATTCAGGC	GGACTACHVGGGTWTCTAAT	HFD.4	9	9wd	5Abx	WD	None	HFD	january	WD10	10	2	NA	1/27/18	2/27/18	Lozupone	NMH	AM.S3.HFD.4.0127
AM.S3.HFD.5.0127	TGTAACGCCGAT	GGACTACHVGGGTWTCTAAT	HFD.5	10	10wd	5Abx	WD	None	HFD	january	WD10	10	2	NA	1/27/18	2/27/18	Lozupone	NMH	AM.S3.HFD.5.0127
AM.S6.chow_3.1.0326	CACGTTTATTCC	GTGYCAGCMGCCGCGGTAA	chow2.1	11	11c	5abx_clinda	chow	none	Chow	march	chow-7	-7	-15	NA					AM.S6.chow_3.1.0326
AM.S6.chow_3.1.0402	CGCACCCATACA	GTGYCAGCMGCCGCGGTAA	chow2.1	11	11c	5abx_clinda	chow	none	Chow	march	chow0	0	-8	NA					AM.S6.chow_3.1.0402
AM.S6.chow_3.1.0407	TAACAATAATTC	GTGYCAGCMGCCGCGGTAA	chow2.1	11	11c	5abx_clinda	chow	none	Chow	march	chow5	5	-3	NA					AM.S6.chow_3.1.0407
AM.S6.chow_3.1.0408	TACTAACGCGGT	GTGYCAGCMGCCGCGGTAA	chow2.1	11	11c	5abx_clinda	chow	none	Chow	march	chow6	6	-2	NA					AM.S6.chow_3.1.0408
AM.S6.chow_3.1.0409	GGTGAGCAAGCA	GTGYCAGCMGCCGCGGTAA	chow2.1	11	11c	5abx_clinda	chow	none	Chow	march	chow7	7	-1	NA					AM.S6.chow_3.1.0409
AM.S6.chow_3.1.0410	ACATGATATTCT	GTGYCAGCMGCCGCGGTAA	chow2.1	11	11c	5abx_clinda	chow	none	Chow	march	chow8	8	0	NA					AM.S6.chow_3.1.0410
AM.chow.3.1.0411	CATTTCGCACTT	GTGYCAGCMGCCGCGGTAA	chow2.1	11	11c	5abx_clinda	chow	none	Chow	march	chow9	9	1	NA		5/17/19	BSC	NMN	AM.chow.3.1.0411
AM.S6.chow_3.2.0326	ACTTGGTGTAAG	GTGYCAGCMGCCGCGGTAA	chow2.2	12	12c	5abx_clinda	chow	none	Chow	march	chow-7	-7	-15	NA					AM.S6.chow_3.2.0326
AM.S6.chow_3.2.0402	CATTTCGCACTT	GTGYCAGCMGCCGCGGTAA	chow2.2	12	12c	5abx_clinda	chow	none	Chow	march	chow0	0	-8	NA					AM.S6.chow_3.2.0402
AM.S6.chow_3.2.0407	GTCGTCCAAATG	GTGYCAGCMGCCGCGGTAA	chow2.2	12	12c	5abx_clinda	chow	none	Chow	march	chow5	5	-3	NA					AM.S6.chow_3.2.0407
AM.S6.chow_3.2.0408	GAACCAGTACTC	GTGYCAGCMGCCGCGGTAA	chow2.2	12	12c	5abx_clinda	chow	none	Chow	march	chow6	6	-2	NA					AM.S6.chow_3.2.0408
AM.S6.chow_3.2.0409	AGCCCTGCTACA	GTGYCAGCMGCCGCGGTAA	chow2.2	12	12c	5abx_clinda	chow	none	Chow	march	chow7	7	-1	NA					AM.S6.chow_3.2.0409
AM.S6.chow_3.2.0410	CAGGAACCAGGA	GTGYCAGCMGCCGCGGTAA	chow2.2	12	12c	5abx_clinda	chow	none	Chow	march	chow8	8	0	NA					AM.S6.chow_3.2.0410
AM.chow.3.2.0411	AACAGTAAACAA	GTGYCAGCMGCCGCGGTAA	chow2.2	12	12c	5abx_clinda	chow	none	Chow	march	chow9	9	1	NA		5/17/19	BSC	NMN	AM.chow.3.2.0411
AM.S6.chow_3.3.0326	CTTAGTGCAGAA	GTGYCAGCMGCCGCGGTAA	chow2.3	13	13c	5abx_clinda	chow	none	Chow	march	chow-7	-7	-15	NA					AM.S6.chow_3.3.0326
AM.S6.chow_3.3.0402	GCGTTTGCTAGC	GTGYCAGCMGCCGCGGTAA	chow2.3	13	13c	5abx_clinda	chow	none	Chow	march	chow0	0	-8	NA					AM.S6.chow_3.3.0402
AM.S6.chow_3.3.0407	CGTTTGGAATGA	GTGYCAGCMGCCGCGGTAA	chow2.3	13	13c	5abx_clinda	chow	none	Chow	march	chow5	5	-3	NA					AM.S6.chow_3.3.0407
AM.S6.chow_3.3.0408	CTTATTAAACGT	GTGYCAGCMGCCGCGGTAA	chow2.3	13	13c	5abx_clinda	chow	none	Chow	march	chow6	6	-2	NA					AM.S6.chow_3.3.0408
AM.S6.chow_3.3.0409	TTACACAAAGGC	GTGYCAGCMGCCGCGGTAA	chow2.3	13	13c	5abx_clinda	chow	none	Chow	march	chow7	7	-1	NA					AM.S6.chow_3.3.0409
AM.S6.chow_3.3.0410	CACACAAAGTCA	GTGYCAGCMGCCGCGGTAA	chow2.3	13	13c	5abx_clinda	chow	none	Chow	march	chow8	8	0	NA					AM.S6.chow_3.3.0410
AM.chow.3.3.0411	GCAACGAACGAG	GTGYCAGCMGCCGCGGTAA	chow2.3	13	13c	5abx_clinda	chow	none	Chow	march	chow9	9	1	NA		5/17/19	BSC	NMN	AM.chow.3.3.0411
AM.chow.3.3.0412	CAATCATAGGTG	GTGYCAGCMGCCGCGGTAA	chow2.3	13	13c	5abx_clinda	chow	none	Chow	march	chow10	10	2	NA		5/17/19	BSC	NMN	AM.chow.3.3.0412
AM.S6.chow_3.4.0326	CTAATCAGAGTG	GTGYCAGCMGCCGCGGTAA	chow2.4	14	14c	5abx_clinda	chow	none	Chow	march	chow-7	-7	-15	NA					AM.S6.chow_3.4.0326
AM.S6.chow_3.4.0402	GACTCTGCTCAG	GTGYCAGCMGCCGCGGTAA	chow2.4	14	14c	5abx_clinda	chow	none	Chow	march	chow0	0	-8	NA					AM.S6.chow_3.4.0402
AM.S6.chow_3.4.0407	TGCACAGTCGCT	GTGYCAGCMGCCGCGGTAA	chow2.4	14	14c	5abx_clinda	chow	none	Chow	march	chow5	5	-3	NA					AM.S6.chow_3.4.0407
AM.S6.chow_3.4.0408	TATTTGATTGGT	GTGYCAGCMGCCGCGGTAA	chow2.4	14	14c	5abx_clinda	chow	none	Chow	march	chow6	6	-2	NA					AM.S6.chow_3.4.0408
AM.S6.chow_3.4.0409	TGAGTATGAGTA	GTGYCAGCMGCCGCGGTAA	chow2.4	14	14c	5abx_clinda	chow	none	Chow	march	chow7	7	-1	NA					AM.S6.chow_3.4.0409
AM.S6.chow_3.4.0410	TTAATGGATCGG	GTGYCAGCMGCCGCGGTAA	chow2.4	14	14c	5abx_clinda	chow	none	Chow	march	chow8	8	0	NA					AM.S6.chow_3.4.0410
AM.chow.3.4.0411	ATATGTTCTCAA	GTGYCAGCMGCCGCGGTAA	chow2.4	14	14c	5abx_clinda	chow	none	Chow	march	chow9	9	1	NA		5/17/19	BSC	NMN	AM.chow.3.4.0411
AM.chow.3.4.0412	CCGGCGACAGAA	GTGYCAGCMGCCGCGGTAA	chow2.4	14	14c	5abx_clinda	chow	none	Chow	march	chow10	10	2	NA		5/17/19	BSC	NMN	AM.chow.3.4.0412
AM.S6.chow_4.1.0326	GCGATCACACCT	GTGYCAGCMGCCGCGGTAA	chow2.5	15	15c	5abx_clinda	chow	none	Chow	march	chow-7	-7	-15	NA					AM.S6.chow_4.1.0402
AM.S6.chow_4.1.0402	CAAACTGCGTTG	GTGYCAGCMGCCGCGGTAA	chow2.5	15	15c	5abx_clinda	chow	none	Chow	march	chow0	0	-8	NA					AM.S6.chow_4.1.0402
AM.S6.chow_4.1.0407	TTGCTGGACGCT	GTGYCAGCMGCCGCGGTAA	chow2.5	15	15c	5abx_clinda	chow	none	Chow	march	chow5	5	-3	NA					AM.S6.chow_4.1.0407
AM.S6.chow_4.1.0408	CGGGACACCCGA	GTGYCAGCMGCCGCGGTAA	chow2.5	15	15c	5abx_clinda	chow	none	Chow	march	chow6	6	-2	NA					AM.S6.chow_4.1.0408
AM.S6.chow_4.1.0409	ACGTGAGGAACG	GTGYCAGCMGCCGCGGTAA	chow2.5	15	15c	5abx_clinda	chow	none	Chow	march	chow7	7	-1	NA					AM.S6.chow_4.1.0409
AM.S6.chow_4.1.0410	TTCGATGCCGCA	GTGYCAGCMGCCGCGGTAA	chow2.5	15	15c	5abx_clinda	chow	none	Chow	march	chow8	8	0	NA					AM.S6.chow_4.1.0410
AM.chow.4.1.0411	TCCGGCGGGCAA	GTGYCAGCMGCCGCGGTAA	chow2.5	15	15c	5abx_clinda	chow	none	Chow	march	chow9	9	1	NA		5/17/19	BSC	NMN	AM.chow.4.1.0411
AM.chow.4.1.0412	CTTGATTCTTGA	GTGYCAGCMGCCGCGGTAA	chow2.5	15	15c	5abx_clinda	chow	none	Chow	march	chow10	10	2	NA		5/17/19	BSC	NMN	AM.chow.4.1.0412
AM.S6.chow_4.2.0326	ATTACGTATCAT	GTGYCAGCMGCCGCGGTAA	chow2.6	16	16c	5abx_clinda	chow	none	Chow	march	chow-7	-7	-15	NA					AM.S6.chow_4.2.0326
AM.S6.chow_4.2.0402	GGAGAACGACAC	GTGYCAGCMGCCGCGGTAA	chow2.6	16	16c	5abx_clinda	chow	none	Chow	march	chow0	0	-8	NA					AM.S6.chow_4.2.0402
AM.S6.chow_4.2.0407	GTCAACGCTGTC	GTGYCAGCMGCCGCGGTAA	chow2.6	16	16c	5abx_clinda	chow	none	Chow	march	chow5	5	-3	NA					AM.S6.chow_4.2.0407
AM.S6.chow_4.2.0408	TAATCTCGCCGG	GTGYCAGCMGCCGCGGTAA	chow2.6	16	16c	5abx_clinda	chow	none	Chow	march	chow6	6	-2	NA					AM.S6.chow_4.2.0408
AM.S6.chow_4.2.0409	TGATATCGTCTT	GTGYCAGCMGCCGCGGTAA	chow2.6	16	16c	5abx_clinda	chow	none	Chow	march	chow7	7	-1	NA					AM.S6.chow_4.2.0409
AM.S6.chow_4.2.0410	CCGGCGACAGAA	GTGYCAGCMGCCGCGGTAA	chow2.6	16	16c	5abx_clinda	chow	none	Chow	march	chow8	8	0	NA					AM.S6.chow_4.2.0410
AM.chow.4.2.0411	CACACAAAGTCA	GTGYCAGCMGCCGCGGTAA	chow2.6	16	16c	5abx_clinda	chow	none	Chow	march	chow9	9	1	NA		5/17/19	BSC	NMN	AM.chow.4.2.0411
AM.chow.4.2.0412	TTACTGTGGCCG	GTGYCAGCMGCCGCGGTAA	chow2.6	16	16c	5abx_clinda	chow	none	Chow	march	chow10	10	2	NA		5/17/19	BSC	NMN	AM.chow.4.2.0412
AM.S6.chow_4.3.0326	GAGATACAGTTC	GTGYCAGCMGCCGCGGTAA	chow2.7	17	17c	5abx_clinda	chow	none	Chow	march	chow-7	-7	-15	NA					AM.S6.chow_4.3.0326
AM.S6.chow_4.3.0402	TCCACAGGGTTC	GTGYCAGCMGCCGCGGTAA	chow2.7	17	17c	5abx_clinda	chow	none	Chow	march	chow0	0	-8	NA					AM.S6.chow_4.3.0402
AM.S6.chow_4.3.0407	ATGCTGCAACAC	GTGYCAGCMGCCGCGGTAA	chow2.7	17	17c	5abx_clinda	chow	none	Chow	march	chow5	5	-3	NA					AM.S6.chow_4.3.0407
AM.S6.chow_4.3.0408	TCCATACCGGAA	GTGYCAGCMGCCGCGGTAA	chow2.7	17	17c	5abx_clinda	chow	none	Chow	march	chow6	6	-2	NA					AM.S6.chow_4.3.0408
AM.S6.chow_4.3.0409	GGTTCATGAACA	GTGYCAGCMGCCGCGGTAA	chow2.7	17	17c	5abx_clinda	chow	none	Chow	march	chow7	7	-1	NA					AM.S6.chow_4.3.0409
AM.S6.chow_4.3.0410	ATATGTTCTCAA	GTGYCAGCMGCCGCGGTAA	chow2.7	17	17c	5abx_clinda	chow	none	Chow	march	chow8	8	0	NA					AM.S6.chow_4.3.0410
AM.chow.4.3.0411	TAAGGCATCGCT	GTGYCAGCMGCCGCGGTAA	chow2.7	17	17c	5abx_clinda	chow	none	Chow	march	chow9	9	1	NA		5/17/19	BSC	NMN	AM.chow.4.3.0411
AM.chow.4.3.0412	GGTTGCCCTGTA	GTGYCAGCMGCCGCGGTAA	chow2.7	17	17c	5abx_clinda	chow	none	Chow	march	chow10	10	2	NA		5/17/19	BSC	NMN	AM.chow.4.3.0412
AM.S6.chow_4.4.0326	AGCGCGGCGAAT	GTGYCAGCMGCCGCGGTAA	chow2.8	18	18c	5abx_clinda	chow	none	Chow	march	chow-7	-7	-15	NA					AM.S6.chow_4.4.0326
AM.S6.chow_4.4.0402	AATGTTCAACTT	GTGYCAGCMGCCGCGGTAA	chow2.8	18	18c	5abx_clinda	chow	none	Chow	march	chow0	0	-8	NA					AM.S6.chow_4.4.0402
AM.S6.chow_4.4.0407	AGATGTCCGTCA	GTGYCAGCMGCCGCGGTAA	chow2.8	18	18c	5abx_clinda	chow	none	Chow	march	chow5	5	-3	NA					AM.S6.chow_4.4.0407
AM.S6.chow_4.4.0408	AATGCGCGTATA	GTGYCAGCMGCCGCGGTAA	chow2.8	18	18c	5abx_clinda	chow	none	Chow	march	chow6	6	-2	NA					AM.S6.chow_4.4.0408
AM.S6.chow_4.4.0409	AGAGCCAAGAGC	GTGYCAGCMGCCGCGGTAA	chow2.8	18	18c	5abx_clinda	chow	none	Chow	march	chow7	7	-1	NA					AM.S6.chow_4.4.0409
AM.S6.chow_4.4.0410	CTACTCCACGAG	GTGYCAGCMGCCGCGGTAA	chow2.8	18	18c	5abx_clinda	chow	none	Chow	march	chow8	8	0	NA					AM.S6.chow_4.4.0410
AM.chow.4.4.0411	TAACAATAATTC	GTGYCAGCMGCCGCGGTAA	chow2.8	18	18c	5abx_clinda	chow	none	Chow	march	chow9	9	1	NA		5/17/19	BSC	NMN	AM.chow.4.4.0411
AM.chow.4.4.0412	ACGCTTAACGAC	GTGYCAGCMGCCGCGGTAA	chow2.8	18	18c	5abx_clinda	chow	none	Chow	march	chow10	10	2	NA		5/17/19	BSC	NMN	AM.chow.4.4.0412
AM.S6.hfd_3.1.0326	CATGTCTTCCAT	GTGYCAGCMGCCGCGGTAA	WD2.1	21	21wd	5abx_clinda	WD	none	WD	march	WD-7	-7	-15	NA					AM.S6.hfd_3.1.0326
AM.S6.hfd_3.1.0402	CTATATTATCCG	GTGYCAGCMGCCGCGGTAA	WD2.1	21	21wd	5abx_clinda	WD	none	WD	march	WD0	0	-8	NA					AM.S6.hfd_3.1.0402
AM.S6.hfd_3.1.0407	CTTGGAGGCTTA	GTGYCAGCMGCCGCGGTAA	WD2.1	21	21wd	5abx_clinda	WD	none	WD	march	WD5	5	-3	NA					AM.S6.hfd_3.1.0407
AM.S6.hfd_3.1.0408	TACCGAAGGTAT	GTGYCAGCMGCCGCGGTAA	WD2.1	21	21wd	5abx_clinda	WD	none	WD	march	WD6	6	-2	NA					AM.S6.hfd_3.1.0408
AM.S6.hfd_3.1.0409	CATATAGCCCGA	GTGYCAGCMGCCGCGGTAA	WD2.1	21	21wd	5abx_clinda	WD	none	WD	march	WD7	7	-1	NA					AM.S6.hfd_3.1.0409
AM.S6.hfd_3.1.0410	CTTGATTCTTGA	GTGYCAGCMGCCGCGGTAA	WD2.1	21	21wd	5abx_clinda	WD	none	WD	march	WD8	8	0	NA					AM.S6.hfd_3.1.0410
AM.hfd.3.1.0411	TGTCAAAGTGAC	GTGYCAGCMGCCGCGGTAA	WD2.1	21	21wd	5abx_clinda	WD	none	WD	march	WD9	9	1	NA		5/16/19	BSC	NMN	AM.hfd.3.1.0411
AM.hfd.3.1.0412	TCAAGTCCGCAC	GTGYCAGCMGCCGCGGTAA	WD2.1	21	21wd	5abx_clinda	WD	none	WD	march	WD10	10	2	NA		5/16/19	BSC	NMN	AM.hfd.3.1.0412
AM.S6.hfd_3.2.0326	CCTTGACCGATG	GTGYCAGCMGCCGCGGTAA	WD2.2	22	22wd	5abx_clinda	WD	none	WD	march	WD-7	-7	-15	NA					AM.S6.hfd_3.2.0326
AM.S6.hfd_3.2.0402	GTGCCATAATCG	GTGYCAGCMGCCGCGGTAA	WD2.2	22	22wd	5abx_clinda	WD	none	WD	march	WD0	0	-8	NA					AM.S6.hfd_3.2.0402
AM.S6.hfd_3.2.0407	AACTCAATAGCG	GTGYCAGCMGCCGCGGTAA	WD2.2	22	22wd	5abx_clinda	WD	none	WD	march	WD5	5	-3	NA					AM.S6.hfd_3.2.0407
AM.S6.hfd_3.2.0408	GTCCGTCCTGGT	GTGYCAGCMGCCGCGGTAA	WD2.2	22	22wd	5abx_clinda	WD	none	WD	march	WD6	6	-2	NA					AM.S6.hfd_3.2.0408
AM.S6.hfd_3.2.0409	CTCTGAGGTAAC	GTGYCAGCMGCCGCGGTAA	WD2.2	22	22wd	5abx_clinda	WD	none	WD	march	WD7	7	-1	NA					AM.S6.hfd_3.2.0409
AM.S6.hfd_3.2.0410	TGAGACCCTACA	GTGYCAGCMGCCGCGGTAA	WD2.2	22	22wd	5abx_clinda	WD	none	WD	march	WD8	8	0	NA					AM.S6.hfd_3.2.0410
AM.hfd.3.2.0411	GTCACTCCGAAC	GTGYCAGCMGCCGCGGTAA	WD2.2	22	22wd	5abx_clinda	WD	none	WD	march	WD9	9	1	NA		5/16/19	BSC	NMN	AM.hfd.3.2.0411
AM.hfd.3.2.0412	TAGGAACTCACC	GTGYCAGCMGCCGCGGTAA	WD2.2	22	22wd	5abx_clinda	WD	none	WD	march	WD10	10	2	NA		5/16/19	BSC	NMN	AM.hfd.3.2.0412
AM.S6.hfd_3.3.0326	ATCTAGTGGCAA	GTGYCAGCMGCCGCGGTAA	WD2.3	23	23wd	5abx_clinda	WD	none	WD	march	WD-7	-7	-15	NA					AM.S6.hfd_3.3.0326
AM.S6.hfd_3.3.0402	TCGAGAGTTTGC	GTGYCAGCMGCCGCGGTAA	WD2.3	23	23wd	5abx_clinda	WD	none	WD	march	WD0	0	-8	NA					AM.S6.hfd_3.3.0402
AM.S6.hfd_3.3.0407	CGCTGTGGATTA	GTGYCAGCMGCCGCGGTAA	WD2.3	23	23wd	5abx_clinda	WD	none	WD	march	WD5	5	-3	NA					AM.S6.hfd_3.3.0407
AM.S6.hfd_3.3.0408	ACTGTGACGTCC	GTGYCAGCMGCCGCGGTAA	WD2.3	23	23wd	5abx_clinda	WD	none	WD	march	WD6	6	-2	NA					AM.S6.hfd_3.3.0408
AM.S6.hfd_3.3.0409	TTGCGGACCCTA	GTGYCAGCMGCCGCGGTAA	WD2.3	23	23wd	5abx_clinda	WD	none	WD	march	WD7	7	-1	NA					AM.S6.hfd_3.3.0409
AM.S6.hfd_3.3.0410	GAAGAGGGTTGA	GTGYCAGCMGCCGCGGTAA	WD2.3	23	23wd	5abx_clinda	WD	none	WD	march	WD8	8	0	NA					AM.S6.hfd_3.3.0410
AM.hfd.3.3.0411	ATGTGCTGCTCG	GTGYCAGCMGCCGCGGTAA	WD2.3	23	23wd	5abx_clinda	WD	none	WD	march	WD9	9	1	NA		5/16/19	BSC	NMN	AM.hfd.3.3.0411
AM.hfd.3.3.0412	ACTCTGTAATTA	GTGYCAGCMGCCGCGGTAA	WD2.3	23	23wd	5abx_clinda	WD	none	WD	march	WD10	10	2	NA		5/16/19	BSC	NMN	AM.hfd.3.3.0412
AM.S6.hfd_3.4.0326	AGTAAAGATCGT	GTGYCAGCMGCCGCGGTAA	WD2.4	24	24wd	5abx_clinda	WD	none	WD	march	WD-7	-7	-15	NA					AM.S6.hfd_3.4.0326
AM.S6.hfd_3.4.0402	AATGGTTCAGCA	GTGYCAGCMGCCGCGGTAA	WD2.4	24	24wd	5abx_clinda	WD	none	WD	march	WD0	0	-8	NA					AM.S6.hfd_3.4.0402
AM.S6.hfd_3.4.0407	TCAGACCAACTG	GTGYCAGCMGCCGCGGTAA	WD2.4	24	24wd	5abx_clinda	WD	none	WD	march	WD5	5	-3	NA					AM.S6.hfd_3.4.0407
AM.S6.hfd_3.4.0408	CAAAGGAGCCCG	GTGYCAGCMGCCGCGGTAA	WD2.4	24	24wd	5abx_clinda	WD	none	WD	march	WD6	6	-2	NA					AM.S6.hfd_3.4.0408
AM.S6.hfd_3.4.0409	TATTGCAGCAGC	GTGYCAGCMGCCGCGGTAA	WD2.4	24	24wd	5abx_clinda	WD	none	WD	march	WD7	7	-1	NA					AM.S6.hfd_3.4.0409
AM.S6.hfd_3.4.0410	TTGAACAAGCCA	GTGYCAGCMGCCGCGGTAA	WD2.4	24	24wd	5abx_clinda	WD	none	WD	march	WD8	8	0	NA					AM.S6.hfd_3.4.0410
AM.hfd.3.4.0411	ATCGTAGTGGTC	GTGYCAGCMGCCGCGGTAA	WD2.4	24	24wd	5abx_clinda	WD	none	WD	march	WD9	9	1	NA		5/16/19	BSC	NMN	AM.hfd.3.4.0411
AM.hfd.3.4.0412	GTCCGTCCTGGT	GTGYCAGCMGCCGCGGTAA	WD2.4	24	24wd	5abx_clinda	WD	none	WD	march	WD10	10	2	NA		5/16/19	BSC	NMN	AM.hfd.3.4.0412
AM.S6.hfd_4.1.0326	GCCTATGAGATC	GTGYCAGCMGCCGCGGTAA	WD2.5	25	25wd	5abx_clinda	WD	none	WD	march	WD-7	-7	-15	NA					AM.S6.hfd_4.1.0326
AM.S6.hfd_4.1.0402	AACAGTAAACAA	GTGYCAGCMGCCGCGGTAA	WD2.5	25	25wd	5abx_clinda	WD	none	WD	march	WD0	0	-8	NA					AM.S6.hfd_4.1.0402
AM.S6.hfd_4.1.0407	CGAGGCGAGTCA	GTGYCAGCMGCCGCGGTAA	WD2.5	25	25wd	5abx_clinda	WD	none	WD	march	WD5	5	-3	NA					AM.S6.hfd_4.1.0407
AM.S6.hfd_4.1.0408	TTCCAATACTCA	GTGYCAGCMGCCGCGGTAA	WD2.5	25	25wd	5abx_clinda	WD	none	WD	march	WD6	6	-2	NA					AM.S6.hfd_4.1.0408
AM.S6.hfd_4.1.0409	TCATGGCCTCCG	GTGYCAGCMGCCGCGGTAA	WD2.5	25	25wd	5abx_clinda	WD	none	WD	march	WD7	7	-1	NA					AM.S6.hfd_4.1.0409
AM.S6.hfd_4.1.0410	CGACACGGAGAA	GTGYCAGCMGCCGCGGTAA	WD2.5	25	25wd	5abx_clinda	WD	none	WD	march	WD8	8	0	NA					AM.S6.hfd_4.1.0410
AM.hfd.4.1.0411	GCGTGCCCGGCC	GTGYCAGCMGCCGCGGTAA	WD2.5	25	25wd	5abx_clinda	WD	none	WD	march	WD9	9	1	NA		5/16/19	BSC	NMN	AM.hfd.4.1.0411
AM.hfd.4.1.0412	CTAATCAGAGTG	GTGYCAGCMGCCGCGGTAA	WD2.5	25	25wd	5abx_clinda	WD	none	WD	march	WD10	10	2	NA		5/16/19	BSC	NMN	AM.hfd.4.1.0412
AM.S6.hfd_4.2.0326	GCCTCTACGTCG	GTGYCAGCMGCCGCGGTAA	WD2.6	26	26wd	5abx_clinda	WD	none	WD	march	WD-7	-7	-15	NA					AM.S6.hfd_4.2.0326
AM.S6.hfd_4.2.0402	ACGCTTAACGAC	GTGYCAGCMGCCGCGGTAA	WD2.6	26	26wd	5abx_clinda	WD	none	WD	march	WD0	0	-8	NA					AM.S6.hfd_4.2.0402
AM.S6.hfd_4.2.0407	TAGGAACTCACC	GTGYCAGCMGCCGCGGTAA	WD2.6	26	26wd	5abx_clinda	WD	none	WD	march	WD5	5	-3	NA					AM.S6.hfd_4.2.0407
AM.S6.hfd_4.2.0408	AGGATCAGGGAA	GTGYCAGCMGCCGCGGTAA	WD2.6	26	26wd	5abx_clinda	WD	none	WD	march	WD6	6	-2	NA					AM.S6.hfd_4.2.0408
AM.S6.hfd_4.2.0409	TGTGCACGCCAT	GTGYCAGCMGCCGCGGTAA	WD2.6	26	26wd	5abx_clinda	WD	none	WD	march	WD7	7	-1	NA					AM.S6.hfd_4.2.0409
AM.S6.hfd_4.2.0410	CGGTGACCTACT	GTGYCAGCMGCCGCGGTAA	WD2.6	26	26wd	5abx_clinda	WD	none	WD	march	WD8	8	0	NA					AM.S6.hfd_4.2.0410
AM.hfd.4.2.0411	GTCAGGTGCGGC	GTGYCAGCMGCCGCGGTAA	WD2.6	26	26wd	5abx_clinda	WD	none	WD	march	WD9	9	1	NA		5/16/19	BSC	NMN	AM.hfd.4.2.0411
AM.hfd.4.2.0412	CAGGAACCAGGA	GTGYCAGCMGCCGCGGTAA	WD2.6	26	26wd	5abx_clinda	WD	none	WD	march	WD10	10	2	NA		5/17/19	BSC	NMN	AM.hfd.4.2.0412
AM.S6.hfd_4.3.0326	AATCTTGCGCCG	GTGYCAGCMGCCGCGGTAA	WD2.7	27	27wd	5abx_clinda	WD	none	WD	march	WD-7	-7	-15	NA					AM.S6.hfd_4.3.0326
AM.S6.hfd_4.3.0402	TATCCAAGCGCA	GTGYCAGCMGCCGCGGTAA	WD2.7	27	27wd	5abx_clinda	WD	none	WD	march	WD0	0	-8	NA					AM.S6.hfd_4.3.0402
AM.S6.hfd_4.3.0407	CCGATAAAGGTT	GTGYCAGCMGCCGCGGTAA	WD2.7	27	27wd	5abx_clinda	WD	none	WD	march	WD5	5	-3	NA					AM.S6.hfd_4.3.0407
AM.S6.hfd_4.3.0408	ACCGAACAATCC	GTGYCAGCMGCCGCGGTAA	WD2.7	27	27wd	5abx_clinda	WD	none	WD	march	WD6	6	-2	NA					AM.S6.hfd_4.3.0408
AM.S6.hfd_4.3.0409	CCGGACAAGAAG	GTGYCAGCMGCCGCGGTAA	WD2.7	27	27wd	5abx_clinda	WD	none	WD	march	WD7	7	-1	NA					AM.S6.hfd_4.3.0409
AM.S6.hfd_4.3.0410	TCGTTATTCAGT	GTGYCAGCMGCCGCGGTAA	WD2.7	27	27wd	5abx_clinda	WD	none	WD	march	WD8	8	0	NA					AM.S6.hfd_4.3.0410
AM.hfd.4.3.0411	AGCGCGGCGAAT	GTGYCAGCMGCCGCGGTAA	WD2.7	27	27wd	5abx_clinda	WD	none	WD	march	WD9	9	1	NA		5/16/19	BSC	NMN	AM.hfd.4.3.0411
AM.hfd.4.3.0412	CCTCACTAGCGA	GTGYCAGCMGCCGCGGTAA	WD2.7	27	27wd	5abx_clinda	WD	none	WD	march	WD10	10	2	NA		5/17/19	BSC	NMN	AM.hfd.4.3.0412
AM.S6.hfd_4.4.0326	CTCGCCCTCGCC	GTGYCAGCMGCCGCGGTAA	WD2.8	28	28wd	5abx_clinda	WD	none	WD	march	WD-7	-7	-15	NA					AM.S6.hfd_4.4.0326
AM.S6.hfd_4.4.0402	CTGACACGAATA	GTGYCAGCMGCCGCGGTAA	WD2.8	28	28wd	5abx_clinda	WD	none	WD	march	WD0	0	-8	NA					AM.S6.hfd_4.4.0402
AM.S6.hfd_4.4.0407	GTCAGGTGCGGC	GTGYCAGCMGCCGCGGTAA	WD2.8	28	28wd	5abx_clinda	WD	none	WD	march	WD5	5	-3	NA					AM.S6.hfd_4.4.0407
AM.S6.hfd_4.4.0408	TATCATATTACG	GTGYCAGCMGCCGCGGTAA	WD2.8	28	28wd	5abx_clinda	WD	none	WD	march	WD6	6	-2	NA					AM.S6.hfd_4.4.0408
AM.S6.hfd_4.4.0409	GTGGAGTCTCAT	GTGYCAGCMGCCGCGGTAA	WD2.8	28	28wd	5abx_clinda	WD	none	WD	march	WD7	7	-1	NA					AM.S6.hfd_4.4.0409
AM.S6.hfd_4.4.0410	GTTCATTAAACT	GTGYCAGCMGCCGCGGTAA	WD2.8	28	28wd	5abx_clinda	WD	none	WD	march	WD8	8	0	NA					AM.S6.hfd_4.4.0410
AM.hfd.4.4.0411	ACCGAACAATCC	GTGYCAGCMGCCGCGGTAA	WD2.8	28	28wd	5abx_clinda	WD	none	WD	march	WD9	9	1	NA		5/16/19	BSC	NMN	AM.hfd.4.4.0411
AM.hfd.4.4.0412	CAAGTGAAGGGA	GTGYCAGCMGCCGCGGTAA	WD2.8	28	28wd	5abx_clinda	WD	none	WD	march	WD10	10	2	NA		5/17/19	BSC	NMN	AM.hfd.4.4.0412
AM.LF.1.0107	CGTATAAATGCG	GTGYCAGCMGCCGCGGTAA	LF1	29	29lf	5abx_clinda	LF/LF	none	LF	missing	LF-7	-7	-15	NA		5/15/19	BSC	NMN	AM.LF.1.0107
AM.LF.2.0107	AATCTTGCGCCG	GTGYCAGCMGCCGCGGTAA	LF2	30	30lf	5abx_clinda	LF/LF	none	LF	missing	LF-7	-7	-15	NA		5/15/19	BSC	NMN	AM.LF.2.0107
AM.LF.3.0107	TGACTAATGGCC	GTGYCAGCMGCCGCGGTAA	LF3	31	31lf	5abx_clinda	LF/LF	none	LF	missing	LF-7	-7	-15	NA		5/15/19	BSC	NMN	AM.LF.3.0107
AM.LF.6.0107	CGTCCGTATGAA	GTGYCAGCMGCCGCGGTAA	LF6	32	32lf	5abx_clinda	LF/LF	none	LF	missing	LF-7	-7	-15	NA		5/15/19	BSC	NMN	AM.LF.6.0107
AM.LF.7.0107	AGAGCCAAGAGC	GTGYCAGCMGCCGCGGTAA	LF7	33	33lf	5abx_clinda	LF/LF	none	LF	missing	LF-7	-7	-15	NA		5/15/19	BSC	NMN	AM.LF.7.0107
AM.LF.1.0116	TGCACAGTCGCT	GTGYCAGCMGCCGCGGTAA	LF1	29	29lf	5abx_clinda	LF/LF	none	LF	missing	LF0	0	-8	NA		5/15/19	BSC	NMN	AM.LF.1.0116
AM.LF.2.0116	TATGCCAGAGAT	GTGYCAGCMGCCGCGGTAA	LF2	30	30lf	5abx_clinda	LF/LF	none	LF	missing	LF0	0	-8	NA		5/15/19	BSC	NMN	AM.LF.2.0116
AM.LF.3.0116	CCTACCATTGTT	GTGYCAGCMGCCGCGGTAA	LF3	31	31lf	5abx_clinda	LF/LF	none	LF	missing	LF0	0	-8	NA		5/15/19	BSC	NMN	AM.LF.3.0116
AM.LF.6.0116	TAGCAGTTGCGT	GTGYCAGCMGCCGCGGTAA	LF6	32	32lf	5abx_clinda	LF/LF	none	LF	missing	LF0	0	-8	NA		5/15/19	BSC	NMN	AM.LF.6.0116
AM.LF.7.0116	CGGTGACCTACT	GTGYCAGCMGCCGCGGTAA	LF7	33	33lf	5abx_clinda	LF/LF	none	LF	missing	LF0	0	-8	NA		5/15/19	BSC	NMN	AM.LF.7.0116
AM.LF.1.0122	GTTGATACGATG	GTGYCAGCMGCCGCGGTAA	LF1	29	29lf	5abx_clinda	LF/LF	none	LF	missing	LF5	5	-3	NA		5/15/19	BSC	NMN	AM.LF.1.0122
AM.LF.2.0122	TGCGGCGTCAGG	GTGYCAGCMGCCGCGGTAA	LF2	30	30lf	5abx_clinda	LF/LF	none	LF	missing	LF5	5	-3	NA		5/15/19	BSC	NMN	AM.LF.2.0122
AM.LF.3.0122	CCGATAAAGGTT	GTGYCAGCMGCCGCGGTAA	LF3	31	31lf	5abx_clinda	LF/LF	none	LF	missing	LF5	5	-3	NA		5/15/19	BSC	NMN	AM.LF.3.0122
AM.LF.6.0122	ATGACTAAGATG	GTGYCAGCMGCCGCGGTAA	LF6	32	32lf	5abx_clinda	LF/LF	none	LF	missing	LF5	5	-3	NA		5/15/19	BSC	NMN	AM.LF.6.0122
AM.LF.7.0122	TTAATGGATCGG	GTGYCAGCMGCCGCGGTAA	LF7	33	33lf	5abx_clinda	LF/LF	none	LF	missing	LF5	5	-3	NA		5/16/19	BSC	NMN	AM.LF.7.0122
AM.LF.1.0123	GAGATACAGTTC	GTGYCAGCMGCCGCGGTAA	LF1	29	29lf	5abx_clinda	LF/LF	none	LF	missing	LF6	6	-2	NA		5/16/19	BSC	NMN	AM.LF.1.0123
AM.LF.2.0123	ACTAAAGCAAAC	GTGYCAGCMGCCGCGGTAA	LF2	30	30lf	5abx_clinda	LF/LF	none	LF	missing	LF6	6	-2	NA		5/16/19	BSC	NMN	AM.LF.2.0123
AM.LF.3.0123	TATTTGATTGGT	GTGYCAGCMGCCGCGGTAA	LF3	31	31lf	5abx_clinda	LF/LF	none	LF	missing	LF6	6	-2	NA		5/16/19	BSC	NMN	AM.LF.3.0123
AM.LF.6.0123	GGATACTCGCAT	GTGYCAGCMGCCGCGGTAA	LF6	32	32lf	5abx_clinda	LF/LF	none	LF	missing	LF6	6	-2	NA		5/16/19	BSC	NMN	AM.LF.6.0123
AM.LF.7.0123	GTAGTAGACCAT	GTGYCAGCMGCCGCGGTAA	LF7	33	33lf	5abx_clinda	LF/LF	none	LF	missing	LF6	6	-2	NA		5/16/19	BSC	NMN	AM.LF.7.0123
AM.LF.1.0124	TATTGCAGCAGC	GTGYCAGCMGCCGCGGTAA	LF1	29	29lf	5abx_clinda	LF/LF	none	LF	missing	LF7	7	-1	NA		5/16/19	BSC	NMN	AM.LF.1.0124
AM.LF.2.0124	CTACTCCACGAG	GTGYCAGCMGCCGCGGTAA	LF2	30	30lf	5abx_clinda	LF/LF	none	LF	missing	LF7	7	-1	NA		5/16/19	BSC	NMN	AM.LF.2.0124
AM.LF.3.0124	AATGTTCAACTT	GTGYCAGCMGCCGCGGTAA	LF3	31	31lf	5abx_clinda	LF/LF	none	LF	missing	LF7	7	-1	NA		5/16/19	BSC	NMN	AM.LF.3.0124
AM.LF.6.0124	CGTTCTGGTGGT	GTGYCAGCMGCCGCGGTAA	LF6	32	32lf	5abx_clinda	LF/LF	none	LF	missing	LF7	7	-1	NA		5/16/19	BSC	NMN	AM.LF.6.0124
AM.LF.7.0124	TCATGGCCTCCG	GTGYCAGCMGCCGCGGTAA	LF7	33	33lf	5abx_clinda	LF/LF	none	LF	missing	LF7	7	-1	NA		5/16/19	BSC	NMN	AM.LF.7.0124
AM.LF.1.0125	CGACACGGAGAA	GTGYCAGCMGCCGCGGTAA	LF1	29	29lf	5abx_clinda	LF/LF	none	LF	missing	LF8	8	0	NA		5/16/19	BSC	NMN	AM.LF.1.0125
AM.LF.2.0125	GCATATGCACTG	GTGYCAGCMGCCGCGGTAA	LF2	30	30lf	5abx_clinda	LF/LF	none	LF	missing	LF8	8	0	NA		5/16/19	BSC	NMN	AM.LF.2.0125
AM.LF.3.0125	CAAACTGCGTTG	GTGYCAGCMGCCGCGGTAA	LF3	31	31lf	5abx_clinda	LF/LF	none	LF	missing	LF8	8	0	NA		5/16/19	BSC	NMN	AM.LF.3.0125
AM.LF.7.0125	AGATCGTGCCTA	GTGYCAGCMGCCGCGGTAA	LF7	33	33lf	5abx_clinda	LF/LF	none	LF	missing	LF8	8	0	NA		5/16/19	BSC	NMN	AM.LF.7.0125
AM.LF.1.0126	AAGAACTCATGA	GTGYCAGCMGCCGCGGTAA	LF1	29	29lf	5abx_clinda	LF/LF	none	LF	missing	LF8	8	0	NA		5/16/19	BSC	NMN	AM.LF.1.0126
AM.LF.2.0126	CTGACACGAATA	GTGYCAGCMGCCGCGGTAA	LF2	30	30lf	5abx_clinda	LF/LF	none	LF	missing	LF9	9	1	NA		5/16/19	BSC	NMN	AM.LF.2.0126
AM.LF.3.0126	GAAATCTTGAAG	GTGYCAGCMGCCGCGGTAA	LF3	31	31lf	5abx_clinda	LF/LF	none	LF	missing	LF9	9	1	NA		5/16/19	BSC	NMN	AM.LF.3.0126
AM.LF.6.0126	TATCATATTACG	GTGYCAGCMGCCGCGGTAA	LF6	32	32lf	5abx_clinda	LF/LF	none	LF	missing	LF9	9	1	NA		5/16/19	BSC	NMN	AM.LF.6.0126
AM.LF.7.0126	GCGATCACACCT	GTGYCAGCMGCCGCGGTAA	LF7	33	33lf	5abx_clinda	LF/LF	none	LF	missing	LF9	9	1	NA		5/16/19	BSC	NMN	AM.LF.7.0126
AM.LF.1.0127	ATCTAGTGGCAA	GTGYCAGCMGCCGCGGTAA	LF1	29	29lf	5abx_clinda	LF/LF	none	LF	missing	LF10	10	2	NA		5/16/19	BSC	NMN	AM.LF.1.0127
AM.LF.2.0127	ACCTTACACCTT	GTGYCAGCMGCCGCGGTAA	LF2	30	30lf	5abx_clinda	LF/LF	none	LF	missing	LF10	10	2	NA		5/16/19	BSC	NMN	AM.LF.2.0127
AM.LF.3.0127	CACGTTTATTCC	GTGYCAGCMGCCGCGGTAA	LF3	31	31lf	5abx_clinda	LF/LF	none	LF	missing	LF10	10	2	NA		5/16/19	BSC	NMN	AM.LF.3.0127
AM.LF.6.0127	CGCACCCATACA	GTGYCAGCMGCCGCGGTAA	LF6	32	32lf	5abx_clinda	LF/LF	none	LF	missing	LF10	10	2	NA		5/16/19	BSC	NMN	AM.LF.6.0127
AM.LF.7.0127	TGATGTGCTAAG	GTGYCAGCMGCCGCGGTAA	LF7	33	33lf	5abx_clinda	LF/LF	none	LF	missing	LF10	10	2	NA		5/16/19	BSC	NMN	AM.LF.7.0127
